color,voltage,L,a,b
red_black,0.0,37.062,16.208,-1.689
red_black,0.0,37.459,16.192,-1.799
red_black,0.0,37.459,16.192,-1.799
red_black,0.0,37.849,16.176,-1.908
red_black,0.0,37.849,16.176,-1.908
red_black,0.0,37.849,16.176,-1.908
red_black,0.0,37.459,16.192,-1.799
red_black,0.0,37.459,16.192,-1.799
red_black,0.0,37.459,16.192,-1.799
red_black,0.0,37.849,16.176,-1.908
red_black,0.0,38.264,16.114,-2.002
red_black,0.0,37.849,16.176,-1.908
red_black,0.0,37.459,16.192,-1.799
red_black,0.0,37.459,16.192,-1.799
red_black,0.0,37.849,16.176,-1.908
red_black,0.0,38.673,16.067,-2.08
red_black,0.0,37.849,16.176,-1.908
red_black,0.0,37.459,16.192,-1.799
red_black,0.0,37.459,16.192,-1.799
red_black,0.0,37.459,16.192,-1.799
red_black,0.0,39.082,16.004,-2.158
red_black,0.0,38.264,16.114,-2.002
red_black,0.0,37.459,16.192,-1.799
red_black,0.0,37.062,16.208,-1.689
red_black,0.0,37.459,16.192,-1.799
red_black,0.0,39.491,15.942,-2.252
red_black,0.0,38.264,16.114,-2.002
red_black,0.0,37.459,16.192,-1.799
red_black,0.0,37.062,16.208,-1.689
red_black,0.0,37.459,16.192,-1.799
red_black,0.0,39.491,15.942,-2.252
red_black,0.0,39.082,16.004,-2.158
red_black,0.0,38.673,16.067,-2.08
red_black,0.0,38.716,16.254,-3.346
red_black,0.0,38.716,16.254,-3.346
red_black,0.0,38.673,16.067,-2.08
red_black,0.0,38.673,16.067,-2.08
red_black,0.0,38.673,16.067,-2.08
red_black,0.0,38.716,16.254,-3.346
red_black,0.0,38.716,16.254,-3.346
red_black,0.0,37.459,16.192,-1.799
red_black,0.0,38.264,16.114,-2.002
red_black,0.0,38.673,16.067,-2.08
red_black,0.0,39.125,16.176,-3.424
red_black,0.0,39.125,16.176,-3.424
red_black,0.0,37.062,16.208,-1.689
red_black,0.0,38.264,16.114,-2.002
red_black,0.0,39.491,15.942,-2.252
red_black,0.0,39.943,16.098,-3.58
red_black,0.0,39.943,16.098,-3.58
red_black,5.0,33.906,0.239,-13.518
red_black,5.0,33.461,0.27,-13.502
red_black,5.0,32.557,0.348,-13.486
red_black,5.0,32.094,0.379,-13.486
red_black,5.0,31.63,0.426,-13.502
red_black,5.0,32.094,0.379,-13.486
red_black,5.0,32.557,0.348,-13.486
red_black,5.0,32.557,0.348,-13.486
red_black,5.0,32.557,0.348,-13.486
red_black,5.0,32.557,0.348,-13.486
red_black,5.0,31.166,0.442,-13.502
red_black,5.0,32.094,0.379,-13.486
red_black,5.0,33.009,0.317,-13.486
red_black,5.0,33.906,0.239,-13.518
red_black,5.0,34.34,0.192,-13.533
red_black,5.0,32.094,0.379,-13.486
red_black,5.0,33.461,0.27,-13.502
red_black,5.0,34.34,0.192,-13.533
red_black,5.0,35.225,0.145,-13.564
red_black,5.0,35.225,0.145,-13.564
red_black,5.0,36.128,0.083,-13.549
red_black,5.0,36.574,0.051,-13.549
red_black,5.0,36.574,0.051,-13.549
red_black,5.0,36.128,0.083,-13.549
red_black,5.0,34.773,0.161,-13.564
red_black,5.0,39.192,-0.121,-13.611
red_black,5.0,38.746,-0.105,-13.611
red_black,5.0,37.88,-0.042,-13.596
red_black,5.0,36.128,0.083,-13.549
red_black,5.0,34.34,0.192,-13.533
red_black,5.0,37.629,0.489,-11.939
red_black,5.0,36.763,0.551,-11.908
red_black,5.0,35.872,0.598,-11.892
red_black,5.0,34.102,0.754,-11.83
red_black,5.0,32.759,0.864,-11.783
red_black,5.0,34.974,0.692,-11.877
red_black,5.0,34.974,0.692,-11.877
red_black,5.0,34.974,0.692,-11.877
red_black,5.0,34.974,0.692,-11.877
red_black,5.0,34.974,0.692,-11.877
red_black,5.0,33.662,0.801,-11.814
red_black,5.0,34.535,0.723,-11.861
red_black,5.0,35.426,0.645,-11.892
red_black,5.0,36.323,0.583,-11.908
red_black,5.0,37.629,0.489,-11.939
red_black,5.0,35.426,0.645,-11.892
red_black,5.0,35.872,0.598,-11.892
red_black,5.0,36.323,0.583,-11.908
red_black,5.0,37.202,0.52,-11.924
red_black,5.0,38.063,0.458,-11.971
red_black,10.0,37.623,11.598,-5.564
red_black,10.0,37.135,12.661,-5.564
red_black,10.0,36.305,12.754,-5.408
red_black,10.0,36.305,12.754,-5.408
red_black,10.0,36.305,12.754,-5.408
red_black,10.0,36.342,11.801,-5.392
red_black,10.0,36.305,12.754,-5.408
red_black,10.0,36.305,12.754,-5.408
red_black,10.0,36.305,12.754,-5.408
red_black,10.0,36.305,12.754,-5.408
red_black,10.0,35.103,11.911,-5.142
red_black,10.0,35.481,12.833,-5.252
red_black,10.0,35.896,12.786,-5.33
red_black,10.0,36.305,12.754,-5.408
red_black,10.0,36.708,12.739,-5.502
red_black,10.0,35.103,11.911,-5.142
red_black,10.0,35.896,12.786,-5.33
red_black,10.0,36.305,12.754,-5.408
red_black,10.0,36.708,12.739,-5.502
red_black,10.0,37.135,12.661,-5.564
red_black,10.0,36.342,11.801,-5.392
red_black,10.0,36.708,12.739,-5.502
red_black,10.0,37.135,12.661,-5.564
red_black,10.0,37.135,12.661,-5.564
red_black,10.0,36.708,12.739,-5.502
red_black,10.0,37.623,11.598,-5.564
red_black,10.0,37.977,12.567,-5.689
red_black,10.0,37.977,12.567,-5.689
red_black,10.0,37.135,12.661,-5.564
red_black,10.0,36.305,12.754,-5.408
red_black,10.0,38.24,10.864,-4.674
red_black,10.0,37.825,10.911,-4.611
red_black,10.0,38.24,10.864,-4.674
red_black,10.0,38.24,10.864,-4.674
red_black,10.0,37.825,10.911,-4.611
red_black,10.0,39.07,10.786,-4.814
red_black,10.0,39.07,10.786,-4.814
red_black,10.0,38.655,10.833,-4.752
red_black,10.0,38.24,10.864,-4.674
red_black,10.0,37.825,10.911,-4.611
red_black,10.0,40.748,10.567,-5.033
red_black,10.0,40.333,10.629,-4.971
red_black,10.0,39.906,10.692,-4.924
red_black,10.0,38.655,10.833,-4.752
red_black,10.0,37.825,10.911,-4.611
red_black,10.0,41.987,10.426,-5.205
red_black,10.0,41.578,10.458,-5.142
red_black,10.0,40.748,10.567,-5.033
red_black,10.0,39.07,10.786,-4.814
red_black,10.0,37.825,10.911,-4.611
red_black,15.0,32.081,0.129,-15.08
red_black,15.0,31.196,0.208,-15.018
red_black,15.0,30.745,0.254,-15.002
red_black,15.0,31.642,0.176,-15.049
red_black,15.0,33.925,0.004,-15.064
red_black,15.0,34.822,-0.074,-15.096
red_black,15.0,33.925,0.004,-15.064
red_black,15.0,32.545,0.114,-15.08
red_black,15.0,31.196,0.208,-15.018
red_black,15.0,32.545,0.114,-15.08
red_black,15.0,34.822,-0.074,-15.096
red_black,15.0,34.822,-0.074,-15.096
red_black,15.0,33.925,0.004,-15.064
red_black,15.0,32.545,0.114,-15.08
red_black,15.0,32.545,0.114,-15.08
red_black,15.0,31.642,0.176,-15.049
red_black,15.0,33.009,0.067,-15.064
red_black,15.0,33.473,0.036,-15.064
red_black,15.0,33.925,0.004,-15.064
red_black,15.0,33.925,0.004,-15.064
red_black,15.0,28.877,0.411,-14.986
red_black,15.0,29.823,0.333,-14.971
red_black,15.0,31.642,0.176,-15.049
red_black,15.0,33.473,0.036,-15.064
red_black,15.0,34.822,-0.074,-15.096
red_black,15.0,28.407,0.442,-14.971
red_black,15.0,28.407,0.442,-14.971
red_black,15.0,29.823,0.333,-14.971
red_black,15.0,32.545,0.114,-15.08
red_black,15.0,34.376,-0.042,-15.08
red_black,15.0,30.287,0.286,-14.986
red_black,15.0,30.745,0.254,-15.002
red_black,15.0,31.196,0.208,-15.018
red_black,15.0,32.081,0.129,-15.08
red_black,15.0,33.009,0.067,-15.064
red_black,15.0,31.642,0.176,-15.049
red_black,15.0,33.009,0.067,-15.064
red_black,15.0,34.376,-0.042,-15.08
red_black,15.0,34.376,-0.042,-15.08
red_black,15.0,33.473,0.036,-15.064
red_black,15.0,34.822,-0.074,-15.096
red_black,15.0,37.044,-0.23,-15.127
red_black,15.0,38.362,-0.324,-15.158
red_black,15.0,37.929,-0.292,-15.142
red_black,15.0,35.689,-0.152,-15.142
red_black,15.0,37.044,-0.23,-15.127
red_black,15.0,39.216,-0.386,-15.189
red_black,15.0,40.547,-0.464,-15.174
red_black,15.0,40.108,-0.433,-15.189
red_black,15.0,37.489,-0.261,-15.127
red_black,20.0,34.018,0.348,-15.486
red_black,20.0,34.469,0.301,-15.486
red_black,20.0,35.354,0.239,-15.502
red_black,20.0,36.691,0.145,-15.518
red_black,20.0,38.455,0.004,-15.533
red_black,20.0,34.909,0.254,-15.502
red_black,20.0,34.909,0.254,-15.502
red_black,20.0,34.469,0.301,-15.486
red_black,20.0,34.909,0.254,-15.502
red_black,20.0,35.354,0.239,-15.502
red_black,20.0,35.788,0.208,-15.518
red_black,20.0,35.354,0.239,-15.502
red_black,20.0,34.469,0.301,-15.486
red_black,20.0,34.018,0.348,-15.486
red_black,20.0,33.566,0.379,-15.471
red_black,20.0,35.788,0.208,-15.518
red_black,20.0,35.354,0.239,-15.502
red_black,20.0,35.354,0.239,-15.502
red_black,20.0,34.909,0.254,-15.502
red_black,20.0,34.469,0.301,-15.486
red_black,20.0,35.788,0.208,-15.518
red_black,20.0,35.788,0.208,-15.518
red_black,20.0,35.788,0.208,-15.518
red_black,20.0,35.354,0.239,-15.502
red_black,20.0,35.354,0.239,-15.502
red_black,20.0,36.239,0.192,-15.518
red_black,20.0,35.788,0.208,-15.518
red_black,20.0,35.354,0.239,-15.502
red_black,20.0,34.909,0.254,-15.502
red_black,20.0,34.018,0.348,-15.486
red_black,20.0,37.491,1.223,-14.268
red_black,20.0,37.491,1.223,-14.268
red_black,20.0,34.836,1.426,-14.221
red_black,20.0,34.39,1.458,-14.205
red_black,20.0,35.269,1.379,-14.252
red_black,20.0,36.148,1.317,-14.268
red_black,20.0,36.148,1.317,-14.268
red_black,20.0,34.39,1.458,-14.205
red_black,20.0,33.944,1.504,-14.189
red_black,20.0,35.269,1.379,-14.252
red_black,20.0,34.39,1.458,-14.205
red_black,20.0,34.39,1.458,-14.205
red_black,20.0,33.035,1.583,-14.174
red_black,20.0,33.493,1.551,-14.174
red_black,20.0,35.269,1.379,-14.252
red_black,20.0,33.035,1.583,-14.174
red_black,20.0,33.035,1.583,-14.174
red_black,20.0,32.571,1.629,-14.174
red_black,20.0,33.035,1.583,-14.174
red_black,20.0,34.39,1.458,-14.205
red_black,25.0,35.499,1.395,-14.033
red_black,25.0,37.282,1.286,-14.033
red_black,25.0,39.015,1.129,-14.096
red_black,25.0,39.894,1.083,-14.096
red_black,25.0,39.015,1.129,-14.096
red_black,25.0,36.39,1.348,-14.033
red_black,25.0,38.154,1.208,-14.064
red_black,25.0,39.894,1.083,-14.096
red_black,25.0,39.894,1.083,-14.096
red_black,25.0,38.154,1.208,-14.064
red_black,25.0,37.721,1.239,-14.049
red_black,25.0,38.582,1.176,-14.08
red_black,25.0,39.015,1.129,-14.096
red_black,25.0,38.154,1.208,-14.064
red_black,25.0,36.842,1.317,-14.033
red_black,25.0,38.582,1.176,-14.08
red_black,25.0,39.448,1.114,-14.111
red_black,25.0,39.015,1.129,-14.096
red_black,25.0,37.282,1.286,-14.033
red_black,25.0,35.499,1.395,-14.033
red_black,25.0,39.015,1.129,-14.096
red_black,25.0,40.333,1.051,-14.096
red_black,25.0,39.448,1.114,-14.111
red_black,25.0,37.282,1.286,-14.033
red_black,25.0,35.06,1.442,-14.018
red_black,25.0,39.015,1.129,-14.096
red_black,25.0,41.2,0.989,-14.111
red_black,25.0,40.767,1.02,-14.111
red_black,25.0,38.154,1.208,-14.064
red_black,25.0,35.06,1.442,-14.018
red_black,25.0,43.983,-0.183,-12.549
red_black,25.0,43.062,-0.48,-11.346
red_black,25.0,40.913,-0.355,-11.268
red_black,25.0,38.301,-0.152,-11.189
red_black,25.0,35.646,0.067,-11.111
red_black,25.0,42.683,-0.089,-12.549
red_black,25.0,41.774,-0.402,-11.299
red_black,25.0,39.607,-0.23,-11.236
red_black,25.0,36.989,-0.058,-11.142
red_black,25.0,34.767,0.129,-11.049
red_black,25.0,40.108,0.067,-12.471
red_black,25.0,39.161,-0.199,-11.236
red_black,25.0,37.868,-0.121,-11.174
red_black,25.0,35.206,0.098,-11.08
red_black,25.0,33.43,0.239,-10.986
red_black,25.0,37.056,0.301,-12.392
red_black,25.0,36.989,-0.058,-11.142
red_black,25.0,35.646,0.067,-11.111
red_black,25.0,34.327,0.161,-11.033
red_black,25.0,33.876,0.192,-11.018
red_black,30.0,33.363,-1.402,-11.971
red_black,30.0,32.448,-1.308,-11.939
red_black,30.0,31.984,-1.277,-11.924
red_black,30.0,31.538,-1.261,-11.892
red_black,30.0,31.984,-1.277,-11.924
red_black,30.0,34.266,-1.496,-12.002
red_black,30.0,34.266,-1.496,-12.002
red_black,30.0,34.718,-1.511,-12.018
red_black,30.0,35.603,-1.558,-12.064
red_black,30.0,36.494,-1.621,-12.096
red_black,30.0,34.718,-1.511,-12.018
red_black,30.0,35.164,-1.542,-12.033
red_black,30.0,36.049,-1.589,-12.08
red_black,30.0,36.946,-1.667,-12.096
red_black,30.0,37.831,-1.746,-12.127
red_black,30.0,35.164,-1.542,-12.033
red_black,30.0,35.164,-1.542,-12.033
red_black,30.0,35.164,-1.542,-12.033
red_black,30.0,35.164,-1.542,-12.033
red_black,30.0,35.164,-1.542,-12.033
red_black,30.0,34.718,-1.511,-12.018
red_black,30.0,34.718,-1.511,-12.018
red_black,30.0,34.266,-1.496,-12.002
red_black,30.0,33.363,-1.402,-11.971
red_black,30.0,32.899,-1.355,-11.955
red_black,30.0,34.266,-1.496,-12.002
red_black,30.0,33.815,-1.433,-11.986
red_black,30.0,33.815,-1.433,-11.986
red_black,30.0,32.899,-1.355,-11.955
red_black,30.0,32.448,-1.308,-11.939
red_black,30.0,33.595,-0.417,-13.674
red_black,30.0,33.131,-0.386,-13.674
red_black,30.0,33.131,-0.386,-13.674
red_black,30.0,33.131,-0.386,-13.674
red_black,30.0,34.053,-0.449,-13.674
red_black,30.0,33.131,-0.386,-13.674
red_black,30.0,33.595,-0.417,-13.674
red_black,30.0,34.053,-0.449,-13.674
red_black,30.0,34.95,-0.511,-13.705
red_black,30.0,35.823,-0.589,-13.752
red_black,30.0,33.595,-0.417,-13.674
red_black,30.0,34.504,-0.48,-13.689
red_black,30.0,34.95,-0.511,-13.705
red_black,30.0,35.39,-0.542,-13.721
red_black,30.0,35.823,-0.589,-13.752
red_black,30.0,33.595,-0.417,-13.674
red_black,30.0,34.053,-0.449,-13.674
red_black,30.0,34.504,-0.48,-13.689
red_black,30.0,34.053,-0.449,-13.674
red_black,30.0,33.595,-0.417,-13.674
red_black,35.0,41.554,2.723,-16.971
red_black,35.0,41.981,2.692,-16.971
red_black,35.0,42.83,2.629,-16.986
red_black,35.0,43.257,2.583,-16.971
red_black,35.0,43.257,2.583,-16.971
red_black,35.0,42.83,2.629,-16.986
red_black,35.0,42.83,2.629,-16.986
red_black,35.0,42.83,2.629,-16.986
red_black,35.0,42.83,2.629,-16.986
red_black,35.0,42.83,2.629,-16.986
red_black,35.0,41.981,2.692,-16.971
red_black,35.0,42.409,2.661,-16.971
red_black,35.0,42.409,2.661,-16.971
red_black,35.0,42.83,2.629,-16.986
red_black,35.0,43.257,2.583,-16.971
red_black,35.0,40.693,2.786,-16.971
red_black,35.0,41.127,2.754,-16.971
red_black,35.0,41.981,2.692,-16.971
red_black,35.0,43.257,2.583,-16.971
red_black,35.0,44.533,2.504,-16.986
red_black,35.0,41.127,2.754,-16.971
red_black,35.0,41.554,2.723,-16.971
red_black,35.0,42.409,2.661,-16.971
red_black,35.0,44.111,2.52,-16.971
red_black,35.0,45.796,2.426,-16.971
red_black,35.0,42.83,2.629,-16.986
red_black,35.0,42.83,2.629,-16.986
red_black,35.0,43.257,2.583,-16.971
red_black,35.0,44.533,2.504,-16.986
red_black,35.0,45.796,2.426,-16.971
red_black,35.0,43.837,1.52,-16.768
red_black,35.0,43.41,1.551,-16.768
red_black,35.0,44.264,1.489,-16.768
red_black,35.0,45.521,1.426,-16.768
red_black,35.0,47.206,1.301,-16.752
red_black,35.0,43.837,1.52,-16.768
red_black,35.0,42.982,1.583,-16.768
red_black,35.0,43.41,1.551,-16.768
red_black,35.0,44.264,1.489,-16.768
red_black,35.0,44.685,1.473,-16.768
red_black,35.0,44.685,1.473,-16.768
red_black,35.0,44.264,1.489,-16.768
red_black,35.0,44.264,1.489,-16.768
red_black,35.0,44.264,1.489,-16.768
red_black,35.0,43.837,1.52,-16.768
red_black,35.0,45.942,1.395,-16.768
red_black,35.0,45.942,1.395,-16.768
red_black,35.0,46.364,1.364,-16.768
red_black,35.0,45.942,1.395,-16.768
red_black,35.0,44.685,1.473,-16.768
red_black,40.0,42.732,8.145,-6.533
red_black,40.0,41.884,8.239,-6.455
red_black,40.0,40.217,8.411,-6.268
red_black,40.0,38.948,8.567,-6.127
red_black,40.0,38.515,8.629,-6.08
red_black,40.0,43.983,7.989,-6.642
red_black,40.0,42.732,8.145,-6.533
red_black,40.0,41.06,8.301,-6.361
red_black,40.0,39.796,8.473,-6.221
red_black,40.0,39.796,8.473,-6.221
red_black,40.0,43.983,7.989,-6.642
red_black,40.0,42.732,8.145,-6.533
red_black,40.0,41.06,8.301,-6.361
red_black,40.0,40.217,8.411,-6.268
red_black,40.0,40.217,8.411,-6.268
red_black,40.0,42.732,8.145,-6.533
red_black,40.0,41.475,8.27,-6.408
red_black,40.0,40.217,8.411,-6.268
red_black,40.0,39.369,8.52,-6.174
red_black,40.0,39.796,8.473,-6.221
red_black,40.0,42.311,8.192,-6.486
red_black,40.0,41.475,8.27,-6.408
red_black,40.0,40.217,8.411,-6.268
red_black,40.0,39.369,8.52,-6.174
red_black,40.0,40.639,8.348,-6.314
red_black,40.0,42.732,8.145,-6.533
red_black,40.0,41.884,8.239,-6.455
red_black,40.0,41.06,8.301,-6.361
red_black,40.0,40.639,8.348,-6.314
red_black,40.0,41.884,8.239,-6.455
red_black,40.0,41.853,6.77,-6.549
red_black,40.0,40.584,6.895,-6.424
red_black,40.0,40.584,6.895,-6.424
red_black,40.0,41.328,6.676,-7.971
red_black,40.0,43.031,6.473,-8.08
red_black,40.0,41.005,6.848,-6.471
red_black,40.0,41.005,6.848,-6.471
red_black,40.0,41.42,6.817,-6.518
red_black,40.0,42.616,6.52,-8.049
red_black,40.0,43.867,6.411,-8.158
red_black,40.0,41.005,6.848,-6.471
red_black,40.0,41.853,6.77,-6.549
red_black,40.0,42.702,6.676,-6.611
red_black,40.0,43.867,6.411,-8.158
red_black,40.0,45.119,6.286,-8.236
red_black,40.0,41.853,6.77,-6.549
red_black,40.0,43.538,6.583,-6.689
red_black,40.0,44.362,6.504,-6.768
red_black,40.0,44.691,6.333,-8.221
red_black,40.0,44.691,6.333,-8.221
red_black,45.0,41.249,1.333,-14.142
red_black,45.0,41.249,1.333,-14.142
red_black,45.0,40.816,1.364,-14.142
red_black,45.0,40.816,1.364,-14.142
red_black,45.0,41.249,1.333,-14.142
red_black,45.0,39.503,1.442,-14.127
red_black,45.0,39.931,1.426,-14.142
red_black,45.0,40.376,1.395,-14.127
red_black,45.0,40.816,1.364,-14.142
red_black,45.0,41.676,1.301,-14.158
red_black,45.0,38.637,1.536,-14.096
red_black,45.0,38.637,1.536,-14.096
red_black,45.0,39.503,1.442,-14.127
red_black,45.0,40.816,1.364,-14.142
red_black,45.0,42.103,1.27,-14.174
red_black,45.0,38.637,1.536,-14.096
red_black,45.0,39.07,1.489,-14.111
red_black,45.0,39.931,1.426,-14.142
red_black,45.0,41.249,1.333,-14.142
red_black,45.0,42.103,1.27,-14.174
red_black,45.0,40.376,1.395,-14.127
red_black,45.0,39.931,1.426,-14.142
red_black,45.0,40.816,1.364,-14.142
red_black,45.0,42.103,1.27,-14.174
red_black,45.0,42.958,1.192,-14.189
red_black,45.0,41.676,1.301,-14.158
red_black,45.0,41.249,1.333,-14.142
red_black,45.0,42.103,1.27,-14.174
red_black,45.0,42.958,1.192,-14.189
red_black,45.0,43.379,1.176,-14.189
red_black,45.0,40.791,2.848,-14.142
red_black,45.0,42.946,2.661,-14.174
red_black,45.0,43.782,2.614,-14.205
red_black,45.0,43.782,2.614,-14.205
red_black,45.0,43.367,2.645,-14.189
red_black,45.0,40.358,2.879,-14.127
red_black,45.0,42.091,2.739,-14.158
red_black,45.0,42.946,2.661,-14.174
red_black,45.0,42.518,2.708,-14.158
red_black,45.0,42.091,2.739,-14.158
red_black,45.0,41.658,2.77,-14.142
red_black,45.0,42.518,2.708,-14.158
red_black,45.0,42.946,2.661,-14.174
red_black,45.0,42.091,2.739,-14.158
red_black,45.0,41.224,2.817,-14.142
red_black,45.0,43.367,2.645,-14.189
red_black,45.0,44.215,2.583,-14.205
red_black,45.0,43.782,2.614,-14.205
red_black,45.0,42.518,2.708,-14.158
red_black,45.0,41.224,2.817,-14.142
red_black,50.0,39.644,13.348,-4.252
red_black,50.0,39.235,13.379,-4.174
red_black,50.0,38.826,13.426,-4.096
red_black,50.0,38.411,13.489,-4.018
red_black,50.0,38.411,13.489,-4.018
red_black,50.0,39.235,13.379,-4.174
red_black,50.0,38.826,13.426,-4.096
red_black,50.0,38.411,13.489,-4.018
red_black,50.0,38.411,13.489,-4.018
red_black,50.0,38.411,13.489,-4.018
red_black,50.0,38.826,13.426,-4.096
red_black,50.0,38.411,13.489,-4.018
red_black,50.0,37.996,13.551,-3.955
red_black,50.0,37.996,13.551,-3.955
red_black,50.0,37.996,13.551,-3.955
red_black,50.0,38.411,13.489,-4.018
red_black,50.0,38.411,13.489,-4.018
red_black,50.0,37.996,13.551,-3.955
red_black,50.0,37.996,13.551,-3.955
red_black,50.0,37.996,13.551,-3.955
red_black,50.0,38.826,13.426,-4.096
red_black,50.0,38.826,13.426,-4.096
red_black,50.0,38.411,13.489,-4.018
red_black,50.0,38.411,13.489,-4.018
red_black,50.0,38.826,13.426,-4.096
red_black,50.0,39.644,13.348,-4.252
red_black,50.0,39.235,13.379,-4.174
red_black,50.0,39.235,13.379,-4.174
red_black,50.0,39.235,13.379,-4.174
red_black,50.0,39.235,13.379,-4.174
red_black,50.0,39.07,12.958,-4.424
red_black,50.0,39.827,11.739,-6.033
red_black,50.0,39.827,11.739,-6.033
red_black,50.0,38.594,11.848,-5.814
red_black,50.0,38.594,11.848,-5.814
red_black,50.0,39.479,12.926,-4.502
red_black,50.0,40.248,11.676,-6.08
red_black,50.0,40.248,11.676,-6.08
red_black,50.0,39.418,11.77,-5.955
red_black,50.0,39.009,11.801,-5.892
red_black,50.0,39.882,12.895,-4.58
red_black,50.0,40.248,11.676,-6.08
red_black,50.0,40.248,11.676,-6.08
red_black,50.0,39.827,11.739,-6.033
red_black,50.0,39.827,11.739,-6.033
red_black,50.0,39.479,12.926,-4.502
red_black,50.0,39.418,11.77,-5.955
red_black,50.0,39.418,11.77,-5.955
red_black,50.0,39.418,11.77,-5.955
red_black,50.0,39.827,11.739,-6.033
red_black,55.0,40.053,8.958,-7.064
red_black,55.0,40.901,8.833,-7.158
red_black,55.0,41.737,8.723,-7.252
red_black,55.0,41.322,8.77,-7.205
red_black,55.0,40.053,8.958,-7.064
red_black,55.0,40.901,8.833,-7.158
red_black,55.0,41.322,8.77,-7.205
red_black,55.0,41.322,8.77,-7.205
red_black,55.0,40.901,8.833,-7.158
red_black,55.0,40.053,8.958,-7.064
red_black,55.0,40.901,8.833,-7.158
red_black,55.0,40.48,8.895,-7.111
red_black,55.0,40.053,8.958,-7.064
red_black,55.0,39.631,9.004,-7.018
red_black,55.0,39.198,9.067,-6.971
red_black,55.0,40.48,8.895,-7.111
red_black,55.0,40.48,8.895,-7.111
red_black,55.0,40.053,8.958,-7.064
red_black,55.0,40.053,8.958,-7.064
red_black,55.0,39.631,9.004,-7.018
red_black,55.0,42.152,8.692,-7.299
red_black,55.0,43.41,8.567,-7.439
red_black,55.0,44.246,8.458,-7.502
red_black,55.0,44.246,8.458,-7.502
red_black,55.0,42.988,8.614,-7.392
red_black,55.0,44.246,8.458,-7.502
red_black,55.0,46.718,8.208,-7.736
red_black,55.0,48.775,7.989,-7.892
red_black,55.0,48.775,7.989,-7.892
red_black,55.0,47.139,8.145,-7.768
red_black,55.0,44.636,8.27,-6.939
red_black,55.0,45.863,8.161,-7.064
red_black,55.0,46.693,8.067,-7.127
red_black,55.0,46.278,8.114,-7.096
red_black,55.0,44.221,8.333,-6.892
red_black,55.0,44.636,8.27,-6.939
red_black,55.0,44.636,8.27,-6.939
red_black,55.0,43.8,8.379,-6.861
red_black,55.0,42.958,8.489,-6.783
red_black,55.0,41.713,8.598,-6.627
red_black,55.0,42.958,8.489,-6.783
red_black,55.0,41.713,8.598,-6.627
red_black,55.0,40.455,8.77,-6.486
red_black,55.0,39.601,8.879,-6.392
red_black,55.0,39.601,8.879,-6.392
red_black,55.0,39.601,8.879,-6.392
red_black,55.0,38.759,8.958,-6.283
red_black,55.0,38.344,8.989,-6.221
red_black,55.0,38.759,8.958,-6.283
red_black,55.0,39.601,8.879,-6.392
red_black,60.0,38.93,10.379,-6.033
red_black,60.0,38.106,10.442,-5.892
red_black,60.0,38.106,10.442,-5.892
red_black,60.0,38.264,10.864,-5.642
red_black,60.0,38.679,10.833,-5.721
red_black,60.0,39.772,10.27,-6.142
red_black,60.0,38.93,10.379,-6.033
red_black,60.0,38.106,10.442,-5.892
red_black,60.0,38.264,10.864,-5.642
red_black,60.0,38.264,10.864,-5.642
red_black,60.0,40.199,10.208,-6.189
red_black,60.0,39.345,10.333,-6.096
red_black,60.0,38.93,10.379,-6.033
red_black,60.0,38.679,10.833,-5.721
red_black,60.0,38.679,10.833,-5.721
red_black,60.0,41.035,10.098,-6.299
red_black,60.0,40.199,10.208,-6.189
red_black,60.0,39.345,10.333,-6.096
red_black,60.0,39.503,10.754,-5.846
red_black,60.0,39.503,10.754,-5.846
red_black,60.0,41.45,10.036,-6.346
red_black,60.0,40.62,10.145,-6.236
red_black,60.0,40.199,10.208,-6.189
red_black,60.0,40.358,10.629,-5.939
red_black,60.0,40.773,10.567,-6.002
red_black,60.0,41.45,10.036,-6.346
red_black,60.0,41.035,10.098,-6.299
red_black,60.0,40.62,10.145,-6.236
red_black,60.0,40.773,10.567,-6.002
red_black,60.0,41.188,10.504,-6.049
red_black,60.0,41.035,10.098,-6.299
red_black,60.0,41.45,10.036,-6.346
red_black,60.0,41.865,10.004,-6.408
red_black,60.0,41.45,10.036,-6.346
red_black,60.0,41.035,10.098,-6.299
red_black,60.0,41.035,10.098,-6.299
red_black,60.0,40.62,10.145,-6.236
red_black,60.0,40.199,10.208,-6.189
red_black,60.0,40.199,10.208,-6.189
red_black,60.0,40.199,10.208,-6.189
red_black,60.0,40.199,10.208,-6.189
red_black,60.0,38.93,10.379,-6.033
red_black,60.0,38.106,10.442,-5.892
red_black,60.0,38.106,10.442,-5.892
red_black,60.0,38.521,10.395,-5.955
red_black,60.0,38.93,10.379,-6.033
red_black,60.0,38.521,10.395,-5.955
red_black,60.0,38.106,10.442,-5.892
red_black,60.0,37.691,10.489,-5.83
red_black,60.0,38.106,10.442,-5.892
red_black,65.0,38.588,14.801,-2.736
red_black,65.0,38.588,14.801,-2.736
red_black,65.0,38.179,14.864,-2.658
red_black,65.0,38.179,14.864,-2.658
red_black,65.0,38.179,14.864,-2.658
red_black,65.0,38.997,14.754,-2.814
red_black,65.0,38.588,14.801,-2.736
red_black,65.0,38.179,14.864,-2.658
red_black,65.0,37.764,14.926,-2.58
red_black,65.0,37.343,14.989,-2.518
red_black,65.0,38.997,14.754,-2.814
red_black,65.0,38.588,14.801,-2.736
red_black,65.0,37.764,14.926,-2.58
red_black,65.0,37.343,14.989,-2.518
red_black,65.0,36.946,15.02,-2.408
red_black,65.0,39.406,14.723,-2.892
red_black,65.0,38.997,14.754,-2.814
red_black,65.0,38.179,14.864,-2.658
red_black,65.0,37.764,14.926,-2.58
red_black,65.0,37.764,14.926,-2.58
red_black,65.0,40.211,14.645,-3.049
red_black,65.0,39.808,14.676,-2.971
red_black,65.0,39.406,14.723,-2.892
red_black,65.0,38.997,14.754,-2.814
red_black,65.0,38.997,14.754,-2.814
red_black,65.0,41.029,14.536,-3.205
red_black,65.0,40.614,14.598,-3.142
red_black,65.0,40.211,14.645,-3.049
red_black,65.0,40.211,14.645,-3.049
red_black,65.0,40.211,14.645,-3.049
red_black,65.0,40.73,14.801,-1.627
red_black,65.0,43.471,14.254,-3.596
red_black,65.0,44.276,14.145,-3.705
red_black,65.0,43.068,14.286,-3.518
red_black,65.0,41.029,14.536,-3.205
red_black,65.0,39.931,14.864,-1.455
red_black,65.0,41.853,14.426,-3.33
red_black,65.0,43.867,14.208,-3.658
red_black,65.0,44.691,14.098,-3.768
red_black,65.0,43.867,14.208,-3.658
red_black,65.0,38.716,15.02,-1.205
red_black,65.0,39.808,14.676,-2.971
red_black,65.0,42.659,14.333,-3.455
red_black,65.0,45.094,14.036,-3.814
red_black,65.0,45.094,14.036,-3.814
red_black,65.0,37.892,15.129,-1.049
red_black,65.0,38.997,14.754,-2.814
red_black,65.0,40.211,14.645,-3.049
red_black,65.0,41.853,14.426,-3.33
red_black,65.0,42.659,14.333,-3.455
